{
  "state": {
    "precision": 1.0,
    "recall": 0.9846153846153847,
    "f1-score": 0.9922480620155039,
    "support": 65
  },
  "country": {
    "precision": 0.75,
    "recall": 1.0,
    "f1-score": 0.8571428571428571,
    "support": 3
  },
  "name": {
    "precision": 1.0,
    "recall": 1.0,
    "f1-score": 1.0,
    "support": 34
  },
  "micro avg": {
    "precision": 0.9901960784313726,
    "recall": 0.9901960784313726,
    "f1-score": 0.9901960784313726,
    "support": 102
  },
  "macro avg": {
    "precision": 0.9166666666666666,
    "recall": 0.9948717948717949,
    "f1-score": 0.949796973052787,
    "support": 102
  },
  "weighted avg": {
    "precision": 0.9926470588235294,
    "recall": 0.9901960784313726,
    "f1-score": 0.9908583588474149,
    "support": 102
  }
}